 /* ===========================================================
 
 * Roll No: 30
 * 
 * File:      CURSOR-3.txt
 * Copyright: 24-Apr-2020 by Ajinkya Rathod(ajinzrathod)
 * 
 * Content: Write a cursor to increase salary of employess acc. to Dept. 
 *
 * ========================================================== */


mysql> create database aj;
Query OK, 1 row affected (0.00 sec)

==========================================================

mysql> use aj;
Database changed

==========================================================

mysql> show tables;
Empty set (0.00 sec)

==========================================================

mysql> CREATE table emp (
    -> e_id int(3) primary key auto_increment,
    -> e_name varchar(255),
    -> e_salary decimal(9, 2),
    -> dept_id int(3));
Query OK, 0 rows affected (0.43 sec)

==========================================================

mysql> CREATE table dept (
    -> dept_id int(3) PRIMARY KEY auto_increment,
    -> dept_name varchar(255));
Query OK, 0 rows affected (0.41 sec)

==========================================================

mysql> desc emp;
+----------+--------------+------+-----+---------+----------------+
| Field    | Type         | Null | Key | Default | Extra          |
+----------+--------------+------+-----+---------+----------------+
| e_id     | int(3)       | NO   | PRI | NULL    | auto_increment |
| e_name   | varchar(255) | YES  |     | NULL    |                |
| e_salary | decimal(9,2) | YES  |     | NULL    |                |
| dept_id  | int(3)       | YES  |     | NULL    |                |
+----------+--------------+------+-----+---------+----------------+
4 rows in set (0.00 sec)

==========================================================

mysql> desc dept;
+-----------+--------------+------+-----+---------+----------------+
| Field     | Type         | Null | Key | Default | Extra          |
+-----------+--------------+------+-----+---------+----------------+
| dept_id   | int(3)       | NO   | PRI | NULL    | auto_increment |
| dept_name | varchar(255) | YES  |     | NULL    |                |
+-----------+--------------+------+-----+---------+----------------+
2 rows in set (0.00 sec)

==========================================================

INSERT into emp (e_name, e_salary, dept_id) 
VALUES
('Rachel McAdams', 82000, 1),
('Ajinkya Rathod', 89000, 1),
('Ken Adams', 105000, 1),
('Regina Phalange', 78000, 1) //
                                                                                                                               
==========================================================

INSERT into dept (dept_name) 
VALUES
('Statistical Analysis'),
('Quality'),
('Finance'),
('Accounts') //

==========================================================

mysql> select * from emp //
+------+-----------------+-----------+---------+
| e_id | e_name          | e_salary  | dept_id |
+------+-----------------+-----------+---------+
|    2 | Rachel McAdams  |  82000.00 |       1 |
|    3 | Ajinkya Rathod  |  89000.00 |       1 |
|    4 | Ken Adams       | 105000.00 |       1 |
|    5 | Regina Phalange |  78000.00 |       1 |
|    6 | Monica Geller   |  99000.00 |       2 |
|    7 | Ross Geller     |  78000.00 |       3 |
|    8 | Phoebe Buffay   |  56800.00 |       2 |
+------+-----------------+-----------+---------+
7 rows in set (0.00 sec)

==========================================================


mysql> select * from dept //
+---------+----------------------+
| dept_id | dept_name            |
+---------+----------------------+
|       1 | Statistical Analysis |
|       2 | Quality              |
|       3 | Finance              |
|       4 | Accounts             |
+---------+----------------------+
4 rows in set (0.00 sec)

==========================================================

CREATE PROCEDURE increase_salary ()
BEGIN
	DECLARE eid INT(3);
	DECLARE did INT(3);
	
	DECLARE processing INT DEFAULT 1;
	DECLARE cursor_sal CURSOR FOR SELECT e_id, dept_id FROM emp;
	DECLARE CONTINUE HANDLER FOR NOT FOUND SET processing = 0;

	OPEN cursor_sal;
		inc_sal : LOOP
			FETCH cursor_sal into eid, did;
			IF processing = 0 THEN
				LEAVE inc_sal;
			END If;

			IF did = 1 THEN 
				UPDATE emp SET e_salary = e_salary + 1000 WHERE e_id = eid;
			ELSEIF did = 2 THEN
				UPDATE emp SET e_salary = e_salary + 2000 WHERE e_id = eid;
			ELSEIF did = 3 THEN
				UPDATE emp SET e_salary = e_salary + 3000 WHERE e_id = eid;
			END IF;
		END LOOP  inc_sal;
	CLOSE cursor_sal;  
END //

==========================================================

mysql> call increase_salary() //
Query OK, 0 rows affected (0.44 sec)

==========================================================

mysql> select * from emp //
+------+-----------------+-----------+---------+
| e_id | e_name          | e_salary  | dept_id |
+------+-----------------+-----------+---------+
|    2 | Rachel McAdams  |  83000.00 |       1 |
|    3 | Ajinkya Rathod    |  90000.00 |       1 |
|    4 | Ken Adams         | 106000.00 |       1 |
|    5 | Regina Phalange  |  79000.00 |       1 |
|    6 | Monica Geller     | 101000.00  |       2 |
|    7 | Ross Geller        |  81000.00   |       3 |
|    8 | Phoebe Buffay    |  58800.00   |       2 |
+------+-----------------+-----------+---------+
7 rows in set (0.00 sec)

==========================================================
